<?xml version="1.0" encoding="UTF-8"?>
<project-private xmlns="http://www.netbeans.org/ns/project-private/1">
    <editor-bookmarks xmlns="http://www.netbeans.org/ns/editor-bookmarks/2" lastBookmarkId="0"/>
    <open-files xmlns="http://www.netbeans.org/ns/projectui-open-files/2">
        <group>
            <file>file:/C:/Users/User/Desktop/S1V1/Computer%20applications/Final_Project/src/Student_MS/Student_MS.java</file>
            <file>file:/C:/Users/User/Desktop/S1V1/Computer%20applications/Final_Project/src/Student_MS/log.java</file>
            <file>file:/C:/Users/User/Desktop/S1V1/Computer%20applications/Final_Project/src/Student_MS/DBConnection.java</file>
        </group>
    </open-files>
</project-private>
